{
    "intrinsic": {
        "width": 640,
        "height": 480,
        "K": [
            611.74841309,
            0.0,
            323.45596313,
            0.0,
            611.87695312,
            232.22958374,
            0.0,
            0.0,
            1.0
        ]
    }
}